﻿pos_x,pos_y,rotation,side,designator,mpn,pack,footprint,value,mount_type
33.1,-30.3,90.0,top,C1,,,C_0402_1005Metric,100n,smt
39.5,-25.9,135.0,top,C10,,,C_0402_1005Metric,100n,smt
55.1,-23.2,45.0,top,C11,,,C_0402_1005Metric,1u,smt
52.9,-28.8,-45.0,top,C12,,,C_0402_1005Metric,100n,smt
53.3,-23.2,45.0,top,C13,,,C_0402_1005Metric,1u,smt
53.8,-25.2,-45.0,top,C14,,,C_0402_1005Metric,10n,smt
29.3,-26.2,0.0,bottom,C16,,,C_0402_1005Metric,10u,smt
29.3,-31.4,180.0,bottom,C17,,,C_0402_1005Metric,10u,smt
33.1,-27.2,-90.0,top,C2,,,C_0402_1005Metric,100n,smt
60.0,-26.6,-90.0,top,C3,,,C_0402_1005Metric,6p,smt
58.1,-22.8,0.0,top,C4,,,C_0402_1005Metric,6p,smt
60.0,-32.0,90.0,top,C5,,,C_0402_1005Metric,15p,smt
60.0,-29.6,-90.0,top,C6,,,C_0402_1005Metric,15p,smt
44.1,-35.5,-45.0,top,C7,,,C_0402_1005Metric,10u,smt
52.9,-31.5,-45.0,top,C8,,,C_0402_1005Metric,100n,smt
45.9,-35.4,-45.0,top,C9,,,C_0402_1005Metric,100n,smt
29.8,-33.6,180.0,top,D1,,,LED_0402_1005Metric,RED,smt
29.8,-23.9,180.0,top,D2,,,LED_0402_1005Metric,RED,smt
63.9,-30.7,90.0,top,D3,,,C_0603_1608Metric,RED,smt
51.4,-23.2,-135.0,top,FB1,,,L_0402_1005Metric,120R,smt
72.1,-28.75,90.0,top,J1,,,JST_SH_SM04B-SRSS-TB_1x04-1MP_P1.00mm_Horizontal,Conn_01x04_Pin,smt
69.5,-36.8,0.0,top,J2,,,JST_SH_SM04B-SRSS-TB_1x04-1MP_P1.00mm_Horizontal,Conn_01x04_Pin,smt
69.5,-20.7,180.0,top,J3,,,JST_SH_SM04B-SRSS-TB_1x04-1MP_P1.00mm_Horizontal,Conn_01x04_Pin,smt
63.82675,-38.3,90.0,bottom,J4,,,PinHeader_1x16_P2.54mm_Vertical,Conn_01x16_Pin,tht
63.82675,-19.2,90.0,bottom,J5,,,PinHeader_1x16_P2.54mm_Vertical,Conn_01x16_Pin,tht
20.7,-28.75,-90.0,top,J6,,,USB_C_Receptacle_GCT_USB4105-xx-A_16P_TopMnt_Horizontal,USB_C_USB2.0_14P,smt
31.6,-30.3,90.0,top,R1,,,R_0402_1005Metric,5.1k,smt
31.6,-27.2,-90.0,top,R2,,,R_0402_1005Metric,5.1k,smt
27.5,-27.5,0.0,top,R3,,,R_0402_1005Metric,5.1k,smt
27.4,-30.5,180.0,top,R4,,,R_0402_1005Metric,5.1k,smt
27.4,-33.6,0.0,top,R5,,,R_0402_1005Metric,1k,smt
27.4,-23.9,180.0,top,R6,,,R_0402_1005Metric,1k,smt
63.9,-27.2,-90.0,top,R7,,,R_0603_1608Metric,470R,smt
35.9,-32.2,90.0,top,SW1,,,SW_Push_1P1T_NO_CK_KMR2,SW_Push,smt
35.9,-25.3,90.0,top,SW2,,,SW_Push_1P1T_NO_CK_KMR2,SW_Push,smt
46.2,-28.75,-135.0,top,U1,,,LQFP-48_7x7mm_P0.5mm,STM32F103C8Tx,smt
29.3,-28.8,0.0,bottom,U2,,,SOT-23-5,ME6211C33M5G-N,smt
57.3,-25.75,90.0,top,Y1,,,Crystal_SMD_3225-4Pin_3.2x2.5mm,NX3225SA-16.000M-STD-CSR-1,smt
57.8,-30.8,90.0,top,Y2,,,Crystal_SMD_EuroQuartz_EQ161-2Pin_3.2x1.5mm,ABS07-32.768KHZ,smt
