﻿Designator,Quantity,Value,Footprint,Package,MPN,DNP,Mount_Type,Description,Sim.Pins
"C1, C10, C12, C2, C8, C9",6,100n,C_0402_1005Metric,,,,smt,Unpolarized capacitor,
"C11, C13",2,1u,C_0402_1005Metric,,,,smt,Unpolarized capacitor,
C14,1,10n,C_0402_1005Metric,,,,smt,Unpolarized capacitor,
"C16, C17, C7",3,10u,C_0402_1005Metric,,,,smt,Unpolarized capacitor,
"C3, C4",2,6p,C_0402_1005Metric,,,,smt,Unpolarized capacitor,
"C5, C6",2,15p,C_0402_1005Metric,,,,smt,Unpolarized capacitor,
"D1, D2",2,RED,LED_0402_1005Metric,,,,smt,Light emitting diode,1=K 2=A
D3,1,RED,C_0603_1608Metric,,,,smt,Light emitting diode,1=K 2=A
FB1,1,120R,L_0402_1005Metric,,,,smt,Ferrite bead,
"J1, J2, J3",3,Conn_01x04_Pin,JST_SH_SM04B-SRSS-TB_1x04-1MP_P1.00mm_Horizontal,,,,smt,"Generic connector, single row, 01x04, script generated",
"J4, J5",2,Conn_01x16_Pin,PinHeader_1x16_P2.54mm_Vertical,,,,tht,"Generic connector, single row, 01x16, script generated",
J6,1,USB_C_USB2.0_14P,USB_C_Receptacle_GCT_USB4105-xx-A_16P_TopMnt_Horizontal,,,,smt,USB 2.0-only 14P Type-C Receptacle connector,
"R1, R2, R3, R4",4,5.1k,R_0402_1005Metric,,,,smt,Resistor,
"R5, R6",2,1k,R_0402_1005Metric,,,,smt,Resistor,
R7,1,470R,R_0603_1608Metric,,,,smt,Resistor,
"SW1, SW2",2,SW_Push,SW_Push_1P1T_NO_CK_KMR2,,,,smt,"Push button switch, generic, two pins",
U1,1,STM32F103C8Tx,LQFP-48_7x7mm_P0.5mm,,,,smt,"STMicroelectronics Arm Cortex-M3 MCU, 64KB flash, 20KB RAM, 72 MHz, 2.0-3.6V, 37 GPIO, LQFP48",
U2,1,ME6211C33M5G-N,SOT-23-5,,,,smt,,
Y1,1,NX3225SA-16.000M-STD-CSR-1,Crystal_SMD_3225-4Pin_3.2x2.5mm,,,,smt,"Four pin crystal, GND on pins 2 and 4",
Y2,1,ABS07-32.768KHZ,Crystal_SMD_EuroQuartz_EQ161-2Pin_3.2x1.5mm,,,,smt,Two pin crystal,
